[
  {
    "email": "tiago-cassol@hotmail.com",
    "produtos": [
      {
        "id": 2,
        "nome": "Tênis de Caminhada Adidas",
        "preco": "R$129,90",
        "imagem": "images/product-2.jpg",
        "quantidade": 1,
        "tamanho": "P"
      }
    ],
    "data": "2025-07-12T18:53:36.686Z"
  },
  {
    "email": "tiago-cassol@hotmail.com",
    "produtos": [
      {
        "id": 2,
        "nome": "Tênis de Caminhada Adidas",
        "preco": "R$129,90",
        "imagem": "images/product-2.jpg",
        "quantidade": 1,
        "tamanho": "P"
      },
      {
        "id": 5,
        "nome": "Xiaomi Smartband 9",
        "preco": "R$129,90",
        "imagem": "images/smartband3.png",
        "quantidade": 1,
        "tamanho": "P"
      },
      {
        "id": 1,
        "nome": "Camiseta Puma Vermelha",
        "preco": "R$79,90",
        "imagem": "images/product-1.jpg",
        "quantidade": 1,
        "tamanho": "P"
      }
    ],
    "data": "2025-07-12T20:08:09.860Z"
  }
]